trial,label,t,ax,ay,az,gx,gy,gz,accel_mag,gyro_mag
1,swing,1791568961.289,-0.907,-0.282,0.07,4.3,3.7,2.3,-0.048,6.1
1,swing,1791568961.298,-0.914,-0.286,0.071,4.4,3.0,2.4,-0.040,5.8
1,swing,1791568961.309,-0.916,-0.285,0.07,4.5,2.9,2.4,-0.038,5.9
1,swing,1791568961.318,-0.914,-0.287,0.067,4.8,3.0,2.2,-0.040,6.1
1,swing,1791568961.329,-0.919,-0.287,0.069,4.7,3.8,1.9,-0.035,6.3
1,swing,1791568961.339,-0.921,-0.29,0.069,4.5,4.5,1.5,-0.032,6.5
1,swing,1791568961.349,-0.923,-0.288,0.07,4.8,4.6,1.2,-0.031,6.8
1,swing,1791568961.359,-0.917,-0.287,0.07,4.8,4.5,1.2,-0.037,6.7
1,swing,1791568961.369,-0.918,-0.285,0.072,4.6,4.5,1.3,-0.036,6.6
1,swing,1791568961.379,-0.914,-0.286,0.08,4.1,4.3,1.3,-0.039,6.1
1,swing,1791568961.388,-0.916,-0.284,0.079,3.8,4.1,1.5,-0.038,5.8
1,swing,1791568961.399,-0.914,-0.285,0.075,3.7,3.8,1.6,-0.040,5.5
1,swing,1791568961.408,-0.917,-0.283,0.069,3.8,3.7,1.7,-0.038,5.6
1,swing,1791568961.419,-0.922,-0.282,0.066,3.9,3.7,1.6,-0.034,5.6
1,swing,1791568961.429,-0.922,-0.281,0.063,4.3,3.8,1.2,-0.034,5.9
1,swing,1791568961.439,-0.92,-0.279,0.064,4.5,4.1,0.8,-0.036,6.1
1,swing,1791568961.449,-0.921,-0.281,0.063,4.4,4.6,0.6,-0.035,6.4
1,swing,1791568961.459,-0.917,-0.278,0.062,4.6,4.6,0.5,-0.040,6.5
1,swing,1791568961.469,-0.911,-0.276,0.068,4.6,4.6,0.2,-0.046,6.5
1,swing,1791568961.479,-0.903,-0.276,0.073,4.3,4.5,0.2,-0.053,6.2
1,swing,1791568961.489,-0.895,-0.273,0.072,3.8,4.5,0.7,-0.062,5.9
1,swing,1791568961.499,-0.895,-0.273,0.065,3.5,4.3,1.5,-0.062,5.7
1,swing,1791568961.509,-0.899,-0.273,0.066,3.6,3.8,2.1,-0.058,5.6
1,swing,1791568961.519,-0.906,-0.27,0.064,4.1,3.3,2.3,-0.052,5.7
1,swing,1791568961.529,-0.911,-0.27,0.06,4.6,3.7,2.3,-0.048,6.3
1,swing,1791568961.538,-0.913,-0.266,0.06,4.8,4.3,2.1,-0.047,6.8
1,swing,1791568961.549,-0.915,-0.27,0.062,4.6,4.8,1.9,-0.044,6.9
1,swing,1791568961.560,-0.914,-0.266,0.066,4.8,4.8,1.6,-0.046,7.0
1,swing,1791568961.569,-0.913,-0.267,0.068,4.8,4.4,1.7,-0.046,6.7
1,swing,1791568961.579,-0.908,-0.268,0.071,4.2,3.8,2.0,-0.051,6.0
1,swing,1791568961.589,-0.906,-0.265,0.066,3.9,3.7,2.2,-0.054,5.8
1,swing,1791568961.599,-0.904,-0.269,0.066,3.8,3.3,2.6,-0.055,5.7
1,swing,1791568961.609,-0.905,-0.264,0.066,3.8,3.3,2.7,-0.055,5.7
1,swing,1791568961.619,-0.907,-0.263,0.065,3.8,3.4,3.3,-0.053,6.1
1,swing,1791568961.629,-0.912,-0.266,0.068,3.8,3.4,3.7,-0.048,6.3
1,swing,1791568961.639,-0.918,-0.264,0.066,4.1,3.2,3.7,-0.043,6.4
1,swing,1791568961.650,-0.924,-0.263,0.073,4.4,3.2,3.5,-0.037,6.5
1,swing,1791568961.659,-0.92,-0.267,0.081,4.0,3.2,3.5,-0.039,6.2
1,swing,1791568961.670,-0.918,-0.267,0.087,2.7,2.9,3.6,-0.040,5.4
1,swing,1791568961.679,-0.923,-0.267,0.089,1.8,2.6,3.7,-0.035,4.9
1,swing,1791568961.689,-0.925,-0.271,0.086,1.1,1.9,3.4,-0.032,4.0
1,swing,1791568961.699,-0.929,-0.271,0.077,0.4,2.0,3.0,-0.029,3.6
1,swing,1791568961.709,-0.927,-0.269,0.076,-0.5,2.7,2.1,-0.032,3.5
1,swing,1791568961.719,-0.927,-0.268,0.066,-0.7,3.0,1.7,-0.033,3.5
1,swing,1791568961.729,-0.924,-0.266,0.062,-0.5,2.7,1.2,-0.036,3.0
1,swing,1791568961.739,-0.916,-0.264,0.062,-0.3,2.3,0.5,-0.045,2.4
1,swing,1791568961.749,-0.902,-0.26,0.062,-0.4,2.0,0.4,-0.059,2.1
1,swing,1791568961.759,-0.894,-0.262,0.059,-0.4,1.6,0.4,-0.067,1.7
1,swing,1791568961.769,-0.883,-0.26,0.058,0.1,1.3,0.9,-0.078,1.6
1,swing,1791568961.780,-0.879,-0.261,0.06,0.4,0.7,1.7,-0.081,1.9
1,swing,1791568961.789,-0.881,-0.26,0.058,0.7,-0.3,2.6,-0.080,2.7
1,swing,1791568961.800,-0.888,-0.264,0.068,1.0,-1.6,3.5,-0.071,4.0
1,swing,1791568961.809,-0.897,-0.264,0.071,1.4,-2.7,3.9,-0.062,4.9
1,swing,1791568961.820,-0.912,-0.265,0.078,1.7,-3.7,4.1,-0.047,5.8
1,swing,1791568961.829,-0.923,-0.264,0.079,1.6,-4.0,3.8,-0.037,5.7
1,swing,1791568961.839,-0.936,-0.259,0.08,1.3,-3.8,3.1,-0.026,5.1
1,swing,1791568961.849,-0.943,-0.258,0.082,1.1,-3.6,2.5,-0.019,4.5
1,swing,1791568961.859,-0.955,-0.255,0.095,0.7,-3.7,1.5,-0.007,4.1
1,swing,1791568961.870,-0.951,-0.255,0.104,-0.5,-4.0,0.4,-0.010,4.1
1,swing,1791568961.879,-0.941,-0.259,0.096,-1.6,-4.0,-0.9,-0.019,4.4
1,swing,1791568961.890,-0.921,-0.248,0.09,-2.8,-3.1,-1.5,-0.042,4.4
1,swing,1791568961.899,-0.917,-0.247,0.085,-3.5,-2.4,-0.9,-0.047,4.3
1,swing,1791568961.910,-0.923,-0.249,0.083,-4.0,-2.9,-0.5,-0.040,5.0
1,swing,1791568961.919,-0.929,-0.256,0.076,-4.3,-3.4,-1.0,-0.033,5.6
1,swing,1791568961.930,-0.927,-0.261,0.066,-4.3,-3.4,-1.9,-0.035,5.8
1,swing,1791568961.939,-0.939,-0.264,0.052,-3.4,-4.1,-2.4,-0.023,5.8
1,swing,1791568961.949,-0.942,-0.28,0.049,-1.3,-5.8,-2.7,-0.016,6.5
1,swing,1791568961.959,-0.93,-0.28,0.035,2.3,-7.5,-3.3,-0.028,8.5
1,swing,1791568961.969,-0.921,-0.26,0.058,0.4,-6.1,-4.5,-0.041,7.6
1,swing,1791568961.979,-0.924,-0.283,0.028,0.2,-4.3,-4.0,-0.033,5.9
1,swing,1791568961.989,-0.927,-0.28,0.015,1.3,-2.4,-4.1,-0.032,4.9
1,swing,1791568962.000,-0.93,-0.267,0.023,4.6,-3.7,-5.2,-0.032,7.9
1,swing,1791568962.009,-0.912,-0.272,0.032,3.8,-1.8,-3.7,-0.048,5.6
1,swing,1791568962.020,-0.868,-0.292,0.027,5.5,-0.4,-2.3,-0.084,6.0
1,swing,1791568962.029,-0.938,-0.258,0.033,7.3,-1.3,-0.1,-0.027,7.4
1,swing,1791568962.040,-0.967,-0.316,0.071,4.8,2.0,-6.7,0.020,8.5
1,swing,1791568962.049,-0.95,-0.27,0.089,7.9,-0.5,-10.8,-0.008,13.4
1,swing,1791568962.060,-0.963,-0.282,0.026,-2.3,-0.7,-12.3,0.004,12.5
1,swing,1791568962.069,-0.938,-0.316,0.04,-2.3,1.6,-9.2,-0.009,9.6
1,swing,1791568962.080,-0.898,-0.294,0.031,3.1,2.7,-9.0,-0.055,9.9
1,swing,1791568962.090,-0.878,-0.292,0.04,2.6,14.7,-9.3,-0.074,17.6
1,swing,1791568962.100,-0.882,-0.281,0.054,-5.0,26.8,-11.0,-0.073,29.4
1,swing,1791568962.110,-0.89,-0.306,0.064,-8.5,30.7,-11.0,-0.057,33.7
1,swing,1791568962.119,-0.885,-0.292,0.049,-9.8,33.1,-8.9,-0.067,35.6
1,swing,1791568962.130,-0.837,-0.167,0.038,-11.8,34.5,-12.4,-0.146,38.5
1,swing,1791568962.139,-0.869,-0.355,0.04,-11.9,37.3,-13.0,-0.060,41.3
1,swing,1791568962.150,-0.905,-0.328,-0.002,-5.3,37.0,-8.8,-0.037,38.4
1,swing,1791568962.159,-0.91,-0.281,-0.028,0.7,34.3,-10.4,-0.047,35.8
1,swing,1791568962.170,-0.984,-0.366,-0.004,2.0,29.0,-12.3,0.050,31.6
1,swing,1791568962.179,-0.992,-0.397,0.008,10.3,21.8,-5.5,0.069,24.7
1,swing,1791568962.190,-0.972,-0.328,-0.006,9.9,10.7,-1.0,0.026,14.6
1,swing,1791568962.199,-0.937,-0.341,0.031,8.4,2.7,3.4,-0.002,9.5
1,swing,1791568962.210,-0.891,-0.306,0.042,8.7,-2.6,7.9,-0.057,12.0
1,swing,1791568962.220,-0.894,-0.278,0.04,3.1,-7.3,13.0,-0.063,15.2
1,swing,1791568962.229,-0.91,-0.296,0.029,-1.6,-11.8,11.9,-0.043,16.8
1,swing,1791568962.240,-0.917,-0.288,0.024,0.3,-19.1,5.2,-0.039,19.8
1,swing,1791568962.249,-0.873,-0.27,0.014,2.9,-21.1,3.6,-0.086,21.6
1,swing,1791568962.260,-0.826,-0.266,0.0,13.0,-19.3,7.2,-0.132,24.4
1,swing,1791568962.269,-0.87,-0.277,0.007,17.5,-11.2,9.9,-0.087,23.0
1,swing,1791568962.280,-0.938,-0.286,0.021,19.8,-2.7,9.3,-0.019,22.0
1,swing,1791568962.289,-0.962,-0.271,0.045,19.8,-1.6,4.6,0.000,20.4
1,swing,1791568962.300,-0.953,-0.274,0.082,21.3,-5.9,2.1,-0.005,22.2
1,swing,1791568962.310,-0.948,-0.29,0.077,22.9,-6.7,-0.5,-0.006,23.9
1,swing,1791568962.320,-0.932,-0.284,0.062,25.4,-7.9,-3.0,-0.024,26.8
1,swing,1791568962.330,-0.893,-0.274,0.075,19.8,-4.2,-4.0,-0.063,20.6
1,swing,1791568962.340,-0.892,-0.272,0.081,10.6,3.7,-5.2,-0.064,12.4
1,swing,1791568962.350,-0.889,-0.273,0.071,3.7,11.3,-3.7,-0.067,12.5
1,swing,1791568962.360,-0.883,-0.288,0.043,-1.0,17.7,-2.2,-0.070,17.9
1,swing,1791568962.370,-0.888,-0.289,0.021,0.8,22.7,-2.3,-0.066,22.8
1,swing,1791568962.380,-0.896,-0.278,0.018,2.3,25.2,-0.7,-0.062,25.3
1,swing,1791568962.390,-0.932,-0.288,0.015,1.7,22.6,0.8,-0.024,22.7
1,swing,1791568962.400,-0.952,-0.296,0.009,1.6,18.7,0.7,-0.003,18.8
1,swing,1791568962.410,-0.945,-0.286,0.019,1.4,13.3,1.3,-0.012,13.4
1,swing,1791568962.419,-0.916,-0.302,0.005,2.3,10.6,1.7,-0.035,11.0
1,swing,1791568962.430,-0.932,-0.292,-0.004,2.4,7.9,2.9,-0.023,8.8
1,swing,1791568962.440,-0.922,-0.293,0.005,5.1,5.1,4.8,-0.033,8.7
1,swing,1791568962.450,-0.923,-0.301,-0.033,11.4,3.4,7.7,-0.029,14.2
1,swing,1791568962.460,-0.913,-0.282,-0.05,9.7,5.5,8.7,-0.043,14.1
1,swing,1791568962.469,-0.938,-0.326,-0.062,8.5,9.2,10.3,-0.005,16.2
1,swing,1791568962.480,-0.947,-0.316,-0.093,9.3,15.4,11.5,0.003,21.4
1,swing,1791568962.489,-0.986,-0.319,-0.086,12.1,16.8,11.8,0.040,23.8
1,swing,1791568962.500,-1.013,-0.315,-0.089,16.5,9.5,7.3,0.065,20.4
1,swing,1791568962.509,-0.994,-0.303,-0.078,25.4,1.6,2.7,0.042,25.6
1,swing,1791568962.520,-0.976,-0.3,-0.074,32.4,-5.5,-2.1,0.024,32.9
1,swing,1791568962.530,-0.945,-0.306,-0.084,34.7,-6.5,-5.2,-0.003,35.7
1,swing,1791568962.540,-0.904,-0.334,-0.075,34.7,-2.4,-8.4,-0.033,35.8
1,swing,1791568962.550,-0.843,-0.329,-0.067,36.6,4.5,-9.8,-0.093,38.2
1,swing,1791568962.560,-0.829,-0.315,-0.048,34.3,13.9,-10.2,-0.112,38.4
1,swing,1791568962.570,-0.815,-0.325,-0.042,32.9,21.2,-9.4,-0.122,40.3
1,swing,1791568962.580,-0.814,-0.319,-0.044,34.5,25.3,-8.4,-0.125,43.6
2,swing,1791568968.596,-0.883,-0.321,-0.158,-1.8,92.7,-24.5,-0.047,95.9
2,swing,1791568968.607,-0.877,-0.32,-0.191,0.4,88.8,-27.0,-0.047,92.8
2,swing,1791568968.616,-0.852,-0.315,-0.207,5.5,82.7,-27.6,-0.068,87.4
2,swing,1791568968.626,-0.804,-0.329,-0.219,10.4,77.9,-25.0,-0.104,82.5
2,swing,1791568968.636,-0.79,-0.341,-0.225,13.5,76.8,-20.4,-0.111,80.6
2,swing,1791568968.646,-0.807,-0.336,-0.223,13.4,76.0,-15.2,-0.098,78.7
2,swing,1791568968.656,-0.823,-0.341,-0.227,12.7,73.5,-13.0,-0.081,75.7
2,swing,1791568968.666,-0.842,-0.354,-0.257,13.2,68.7,-12.9,-0.051,71.1
2,swing,1791568968.677,-0.851,-0.361,-0.278,13.7,64.3,-13.1,-0.035,67.0
2,swing,1791568968.686,-0.853,-0.368,-0.296,13.8,60.8,-13.2,-0.025,63.7
2,swing,1791568968.696,-0.845,-0.364,-0.305,15.8,56.3,-13.5,-0.031,60.0
2,swing,1791568968.706,-0.831,-0.359,-0.305,17.0,52.3,-13.0,-0.045,56.5
2,swing,1791568968.716,-0.824,-0.353,-0.295,16.2,49.8,-11.5,-0.056,53.6
2,swing,1791568968.726,-0.828,-0.355,-0.295,14.1,47.9,-10.6,-0.052,51.0
2,swing,1791568968.736,-0.843,-0.364,-0.3,13.0,45.0,-10.7,-0.034,48.0
2,swing,1791568968.746,-0.847,-0.372,-0.32,13.3,42.1,-11.5,-0.021,45.6
2,swing,1791568968.756,-0.844,-0.375,-0.355,14.3,40.2,-12.0,-0.011,44.3
2,swing,1791568968.766,-0.826,-0.368,-0.388,15.5,41.6,-11.4,-0.016,45.8
2,swing,1791568968.776,-0.813,-0.373,-0.417,17.6,45.4,-10.7,-0.013,49.9
2,swing,1791568968.786,-0.809,-0.376,-0.433,19.4,50.5,-10.5,-0.008,55.1
2,swing,1791568968.796,-0.828,-0.381,-0.446,22.4,55.9,-11.8,0.015,61.4
2,swing,1791568968.807,-0.837,-0.385,-0.439,25.5,57.3,-13.7,0.021,64.2
2,swing,1791568968.816,-0.825,-0.381,-0.42,27.5,55.9,-15.3,0.001,64.1
2,swing,1791568968.827,-0.816,-0.378,-0.406,28.4,53.8,-16.3,-0.013,63.0
2,swing,1791568968.836,-0.79,-0.37,-0.395,27.9,50.2,-16.5,-0.042,59.8
2,swing,1791568968.847,-0.76,-0.367,-0.379,27.3,46.6,-15.5,-0.075,56.2
2,swing,1791568968.856,-0.74,-0.375,-0.378,26.5,44.2,-14.4,-0.088,53.5
2,swing,1791568968.867,-0.71,-0.377,-0.387,27.1,41.8,-13.0,-0.108,51.5
2,swing,1791568968.876,-0.685,-0.381,-0.39,29.1,39.9,-11.1,-0.125,50.6
2,swing,1791568968.886,-0.676,-0.384,-0.376,32.1,37.1,-8.8,-0.136,49.8
2,swing,1791568968.897,-0.665,-0.392,-0.368,35.6,32.4,-7.0,-0.145,48.6
2,swing,1791568968.906,-0.655,-0.4,-0.365,38.7,28.4,-6.6,-0.150,48.5
2,swing,1791568968.917,-0.634,-0.39,-0.354,41.5,23.5,-5.2,-0.176,48.0
2,swing,1791568968.926,-0.62,-0.39,-0.35,44.5,20.1,-4.4,-0.188,49.0
2,swing,1791568968.937,-0.606,-0.376,-0.319,48.4,16.9,-5.2,-0.219,51.5
2,swing,1791568968.946,-0.622,-0.378,-0.331,51.4,12.4,-5.2,-0.200,53.1
2,swing,1791568968.957,-0.584,-0.354,-0.291,59.8,3.7,-5.6,-0.258,60.2
2,swing,1791568968.966,-0.513,-0.316,-0.226,65.4,-2.5,-3.8,-0.356,65.6
2,swing,1791568968.977,-0.471,-0.296,-0.158,68.8,-4.8,1.3,-0.422,69.0
2,swing,1791568968.986,-0.441,-0.273,-0.069,70.5,-8.2,8.5,-0.477,71.5
2,swing,1791568968.996,-0.418,-0.238,0.045,72.6,-17.0,16.0,-0.517,76.3
2,swing,1791568969.006,-0.427,-0.198,0.138,79.0,-35.2,24.1,-0.510,89.8
2,swing,1791568969.017,-0.462,-0.157,0.241,85.7,-63.0,31.6,-0.456,111.0
2,swing,1791568969.027,-0.423,-0.072,0.385,89.9,-100.9,42.7,-0.424,141.7
2,swing,1791568969.036,-0.37,0.014,0.55,94.3,-133.1,54.6,-0.337,172.0
2,swing,1791568969.047,-0.259,0.15,0.765,98.3,-165.3,72.6,-0.179,205.6
2,swing,1791568969.056,-0.151,0.273,0.981,99.2,-174.1,88.7,0.029,219.1
2,swing,1791568969.067,-0.107,0.44,1.248,85.7,-162.6,104.6,0.328,211.5
2,swing,1791568969.076,-0.167,0.551,1.491,54.6,-140.5,122.9,0.598,194.5
2,swing,1791568969.087,-0.354,0.655,1.697,10.4,-119.5,137.1,0.853,182.2
2,swing,1791568969.096,-0.613,0.777,1.868,-46.0,-116.5,154.9,1.114,199.2
2,swing,1791568969.107,-0.881,0.842,1.892,-105.3,-142.1,175.5,1.251,249.2
2,swing,1791568969.117,-1.071,0.979,1.81,-161.0,-179.3,196.9,1.320,311.2
2,swing,1791568969.127,-1.204,1.036,1.622,-204.6,-196.0,215.9,1.270,356.2
2,swing,1791568969.137,-1.411,1.135,1.255,-247.9,-191.5,232.3,1.203,390.0
2,swing,1791568969.147,-1.76,1.195,0.877,-275.1,-174.2,239.2,1.301,404.0
2,swing,1791568969.157,-2.094,1.169,0.526,-287.9,-153.9,228.8,1.455,398.6
2,swing,1791568969.166,-2.361,1.124,0.267,-287.6,-137.1,210.9,1.628,382.1
2,swing,1791568969.177,-2.404,1.072,0.162,-283.8,-129.7,190.1,1.637,365.4
2,swing,1791568969.186,-2.34,1.049,0.091,-284.1,-134.4,174.3,1.566,359.4
2,swing,1791568969.197,-2.311,0.954,-0.061,-296.6,-140.0,170.9,1.501,369.8
2,swing,1791568969.206,-2.341,0.844,-0.258,-308.0,-145.6,170.3,1.502,380.9
2,swing,1791568969.217,-2.369,0.675,-0.568,-316.3,-145.3,160.4,1.528,383.3
2,swing,1791568969.226,-2.377,0.485,-0.927,-317.3,-133.1,142.1,1.597,372.3
2,swing,1791568969.237,-2.396,0.333,-1.338,-311.8,-111.8,117.7,1.764,351.5
2,swing,1791568969.247,-2.353,0.202,-1.775,-295.2,-81.3,87.3,1.954,318.4
2,swing,1791568969.257,-2.266,0.04,-1.975,-270.9,-59.3,64.0,2.006,284.6
2,swing,1791568969.267,-2.109,-0.099,-2.076,-234.2,-35.4,33.5,1.961,239.2
2,swing,1791568969.276,-1.931,-0.162,-1.95,-203.7,-25.4,19.4,1.749,206.2
2,swing,1791568969.287,-1.689,-0.221,-1.738,-173.7,-23.8,10.4,1.434,175.6
2,swing,1791568969.296,-1.507,-0.248,-1.586,-151.5,-24.9,1.3,1.202,153.5
2,swing,1791568969.307,-1.325,-0.276,-1.419,-129.6,-22.3,-5.0,0.961,131.6
2,swing,1791568969.316,-1.134,-0.271,-1.263,-107.9,-14.0,-12.0,0.719,109.5
2,swing,1791568969.327,-1.008,-0.224,-1.122,-84.7,-1.3,-18.0,0.525,86.6
2,swing,1791568969.337,-0.985,-0.185,-1.026,-57.1,13.5,-23.9,0.434,63.4
2,swing,1791568969.347,-0.99,-0.135,-0.916,-33.2,22.8,-28.8,0.356,49.5
2,swing,1791568969.357,-1.0,-0.074,-0.765,-5.5,29.5,-35.5,0.261,46.5
2,swing,1791568969.367,-0.989,-0.03,-0.618,13.7,31.8,-39.5,0.167,52.5
2,swing,1791568969.377,-0.952,0.058,-0.448,33.0,31.8,-42.0,0.054,62.2
2,swing,1791568969.387,-0.915,0.068,-0.332,46.3,31.3,-42.6,-0.024,70.3
2,swing,1791568969.397,-0.891,0.126,-0.203,57.9,31.6,-43.4,-0.078,79.0
2,swing,1791568969.407,-0.88,0.164,-0.112,66.7,31.6,-41.3,-0.098,84.6
2,swing,1791568969.417,-0.891,0.184,-0.04,71.5,32.1,-38.4,-0.089,87.3
2,swing,1791568969.426,-0.912,0.186,0.014,73.5,33.6,-36.3,-0.069,88.6
2,swing,1791568969.437,-0.936,0.196,0.057,76.8,33.4,-34.3,-0.042,90.5
2,swing,1791568969.446,-0.96,0.214,0.09,79.5,30.3,-31.7,-0.012,90.8
2,swing,1791568969.457,-0.967,0.197,0.11,80.5,26.2,-29.7,-0.007,89.7
2,swing,1791568969.467,-0.973,0.183,0.122,80.9,23.8,-28.2,-0.002,88.9
2,swing,1791568969.477,-0.975,0.176,0.123,80.7,23.8,-27.0,-0.002,88.4
2,swing,1791568969.487,-0.975,0.149,0.131,79.1,26.2,-26.3,-0.005,87.4
2,swing,1791568969.497,-0.983,0.125,0.137,77.5,29.0,-27.3,0.000,87.1
2,swing,1791568969.508,-0.983,0.109,0.13,75.9,32.9,-28.8,-0.002,87.6
2,swing,1791568969.517,-0.988,0.094,0.133,75.5,35.9,-30.2,0.001,88.9
2,swing,1791568969.527,-0.984,0.077,0.129,73.1,40.2,-30.7,-0.005,88.9
2,swing,1791568969.537,-0.98,0.066,0.141,71.0,45.1,-31.3,-0.008,89.7
2,swing,1791568969.547,-0.974,0.049,0.139,68.4,50.7,-31.0,-0.015,90.6
2,swing,1791568969.557,-0.994,0.027,0.141,66.8,55.2,-30.9,0.004,92.0
2,swing,1791568969.567,-1.008,0.018,0.135,65.7,56.8,-30.5,0.017,92.0
2,swing,1791568969.577,-1.019,-0.011,0.12,64.3,57.6,-29.1,0.026,91.1
2,swing,1791568969.587,-1.041,-0.023,0.109,61.6,58.4,-28.1,0.047,89.4
2,swing,1791568969.597,-1.086,-0.051,0.076,58.0,57.1,-27.8,0.090,86.0
2,swing,1791568969.607,-1.108,-0.073,0.045,56.4,54.6,-28.5,0.111,83.5
2,swing,1791568969.617,-1.122,-0.076,0.011,56.9,51.4,-30.9,0.125,82.7
2,swing,1791568969.627,-1.105,-0.084,-0.006,57.5,50.9,-32.4,0.108,83.3
2,swing,1791568969.637,-1.114,-0.102,-0.029,55.5,55.5,-32.9,0.119,85.1
2,swing,1791568969.647,-1.14,-0.114,-0.051,53.4,58.2,-33.7,0.147,85.9
2,swing,1791568969.657,-1.153,-0.122,-0.085,52.9,58.7,-34.5,0.163,86.2
2,swing,1791568969.666,-1.155,-0.123,-0.104,53.7,58.8,-36.9,0.166,87.8
2,swing,1791568969.677,-1.143,-0.113,-0.119,55.5,60.8,-39.0,0.155,91.1
2,swing,1791568969.688,-1.131,-0.113,-0.114,57.2,64.1,-41.0,0.142,95.2
2,swing,1791568969.697,-1.14,-0.098,-0.094,59.9,65.2,-42.4,0.148,98.2
2,swing,1791568969.708,-1.127,-0.087,-0.059,62.9,63.5,-44.9,0.132,100.0
2,swing,1791568969.717,-1.104,-0.082,-0.024,64.4,62.9,-47.0,0.107,101.6
2,swing,1791568969.728,-1.085,-0.082,0.003,62.5,63.8,-48.0,0.088,101.4
2,swing,1791568969.737,-1.059,-0.069,0.03,58.9,64.3,-48.2,0.062,99.6
2,swing,1791568969.748,-1.028,-0.066,0.05,54.9,63.8,-48.8,0.031,97.3
2,swing,1791568969.757,-1.006,-0.076,0.045,53.2,63.8,-48.5,0.010,96.2
2,swing,1791568969.767,-0.994,-0.075,0.025,52.1,66.3,-48.6,-0.003,97.3
2,swing,1791568969.778,-1.007,-0.085,0.005,51.0,68.9,-47.1,0.011,97.8
2,swing,1791568969.787,-1.023,-0.095,-0.025,51.3,71.8,-47.3,0.028,100.1
2,swing,1791568969.798,-1.038,-0.113,-0.062,54.8,75.1,-49.5,0.046,105.3
2,swing,1791568969.807,-1.028,-0.12,-0.063,59.8,77.4,-52.4,0.037,111.0
2,swing,1791568969.818,-0.978,-0.103,-0.035,65.1,79.9,-55.9,-0.016,117.2
2,swing,1791568969.827,-0.947,-0.118,-0.014,66.6,81.4,-56.0,-0.046,119.2
2,swing,1791568969.837,-0.925,-0.128,0.018,66.0,81.9,-53.7,-0.066,118.1
2,swing,1791568969.847,-0.909,-0.131,0.044,64.5,79.0,-51.7,-0.081,114.3
2,swing,1791568969.857,-0.902,-0.148,0.035,63.2,73.2,-49.1,-0.085,108.5
2,swing,1791568969.867,-0.901,-0.165,0.011,63.6,67.6,-46.5,-0.084,103.8
2,swing,1791568969.877,-0.883,-0.168,-0.016,63.9,61.8,-44.9,-0.101,99.6
2,swing,1791568969.887,-0.889,-0.169,-0.041,66.2,58.8,-42.5,-0.094,98.2
